{"cameraMode":{"drawMode":0,"name":"Shaded","section":"Shading Mode"},"sceneLighting":true,"audioPlay":false,"sceneViewState":{"m_AlwaysRefresh":false,"showFog":true,"showSkybox":true,"showFlares":true,"showImageEffects":true,"showParticleSystems":true,"showVisualEffectGraphs":true,"m_FxEnabled":true},"in2DMode":false,"pivot":{"x":586.3366088867188,"y":109.19227600097656,"z":-62.690155029296878},"rotation":{"x":-0.04379531741142273,"y":0.003593495348468423,"z":-0.0001574616035213694,"w":-0.9990344047546387},"size":421.62982177734377,"orthographic":false}