{"cameraMode":{"drawMode":0,"name":"Shaded","section":"Shading Mode"},"sceneLighting":true,"audioPlay":false,"sceneViewState":{"m_AlwaysRefresh":false,"showFog":true,"showSkybox":true,"showFlares":true,"showImageEffects":true,"showParticleSystems":true,"showVisualEffectGraphs":true,"m_FxEnabled":true},"in2DMode":false,"pivot":{"x":0.7166003584861755,"y":0.5821904540061951,"z":-0.15692581236362458},"rotation":{"x":-0.03146502003073692,"y":0.9597549438476563,"z":-0.2520396411418915,"w":-0.11981739103794098},"size":1.9987454414367676,"orthographic":false}